layer_type,model_type,q
9,LSTM,0.00021449022107325228
7,CLSTM,0.00021657182192679362
11,LSTM,0.00022622792249811548
15,CLSTM,0.00021279887878336012
12,LSTM,0.00021859251137357205
20,LSTM,0.00022249933224104877
20,CLSTM,0.00021679732536930324
4,CNN,0.00020739958241132887
16,CLSTM,0.00021770755733346698
13,CNN,0.00021446719640932444
12,CNN,0.00021764257398899646
