model_type,q
LSTM,0.00044051760560250843
CLSTM,0.0004286715059216866
CNN,0.0004198187688806294
